id,title,price,ts
1,How to get a good grade in DOS in 40 minutes a day,30,2025-12-18T13:54:18.682Z
1,How to get a good grade in DOS in 40 minutes a day,30,2025-12-18T13:59:53.586Z
1,How to get a good grade in DOS in 40 minutes a day,30,2025-12-18T14:05:23.142Z
1,How to get a good grade in DOS in 40 minutes a day,30,2025-12-18T14:09:46.944Z
2,RPCs for Noobs,50,2025-12-18T14:21:28.994Z
1,How to get a good grade in DOS in 40 minutes a day,30,2025-12-20T17:33:05.043Z
1,How to get a good grade in DOS in 40 minutes a day,30,2025-12-22T19:55:29.179Z
2,RPCs for Noobs,50,2025-12-22T19:55:34.015Z
1,How to get a good grade in DOS in 40 minutes a day,30,2025-12-22T20:02:24.549Z
2,RPCs for Noobs,50,2025-12-22T20:04:47.167Z
1,How to get a good grade in DOS in 40 minutes a day,30,2025-12-22T20:41:42.541Z
1,How to get a good grade in DOS in 40 minutes a day,30,2025-12-22T20:44:47.441Z
1,How to get a good grade in DOS in 40 minutes a day,30,2025-12-22T20:55:32.994Z
4,Cooking for the Impatient Undergrad,35,2025-12-22T20:56:06.263Z
1,How to get a good grade in DOS in 40 minutes a day,30,2025-12-22T21:21:45.349Z
2,RPCs for Noobs,50,2025-12-22T21:29:17.197Z
